"id","function_","distName1","distName2","distName3","distName4","area_km2","objective","change","lon","lat","rank"
"7367CADC-D794-4A5F-E053-A03BA40AD968","Public Park Or Garden","Plumley Park",NA,NA,NA,0.117739561038615,4589.08315586373,-0.534,-2.91450330264229,51.3540879898224,1
"7367CB49-5730-4A5F-E053-A03BA40AD968","Public Park Or Garden","Gunby Park",NA,NA,NA,0.47162309800324,4566.6003997208,-0.49,0.195124143594875,53.1786997792652,2
"7367CAF5-C3CC-4A5F-E053-A03BA40AD968","Playing Field",NA,NA,NA,NA,0.133693906988339,4546.22990994116,-0.446,-1.79573469315114,52.4924728217777,3
"7367CB01-9812-4A5F-E053-A03BA40AD968","Public Park Or Garden","South Cliff Gardens",NA,NA,NA,0.144541103308003,4526.46626720949,-0.435,-0.392723867902482,54.2702292148954,4
"7367CB29-EBDB-4A5F-E053-A03BA40AD968","Public Park Or Garden","Market Gardens",NA,NA,NA,0.158052749722067,4507.85495437154,-0.411,-1.93220394112668,55.671162746999,5
"7367CABC-7E00-4A5F-E053-A03BA40AD968","Public Park Or Garden","The Well Head Fields",NA,NA,NA,0.102614464891454,4491.4153612596,-0.365,-0.378570925972046,52.7653713976633,6
"7367CB40-C999-4A5F-E053-A03BA40AD968","Other Sports Facility",NA,NA,NA,NA,0.172032643357309,4476.52187624208,-0.332,-0.679827713673889,52.2953315987426,7
"7367CB6A-B9BE-4A5F-E053-A03BA40AD968","Public Park Or Garden","Thornham Park",NA,NA,NA,0.303332873963695,4462.62755320928,-0.31,1.08296772632743,52.3017625638089,8
"7367CAEE-444E-4A5F-E053-A03BA40AD968","Public Park Or Garden","Ley Hill Recreation Ground",NA,NA,NA,0.197791897447485,4449.11317090751,-0.303,-1.9785112918104,52.4213540510031,9
"7367CB0F-FF90-4A5F-E053-A03BA40AD968","Public Park Or Garden",NA,NA,NA,NA,0.12815052095291,4435.92536413088,-0.296,-1.78167831321569,51.5873975550323,10
"7367CB31-4D2F-4A5F-E053-A03BA40AD968","Other Sports Facility",NA,NA,NA,NA,0.14491849382534,4423.30584950672,-0.284,0.154695165048745,52.6683784226972,11
"7367CB1A-DECA-4A5F-E053-A03BA40AD968","Other Sports Facility",NA,NA,NA,NA,0.194721088548131,4411.09219998794,-0.276,-1.34054533649868,52.55800295258,12
"7367CABC-7FBB-4A5F-E053-A03BA40AD968","Public Park Or Garden","Neatherd Moor",NA,NA,NA,0.148788075741179,4400.24886956567,-0.246,0.957431248439077,52.6828445271757,13
"7367CABC-7DA8-4A5F-E053-A03BA40AD968","Public Park Or Garden","The Warren",NA,NA,NA,0.12519243250926,4389.4357103364,-0.246,-5.11835411863593,50.4103843031783,14
"7367CACD-7FF5-4A5F-E053-A03BA40AD968","Other Sports Facility",NA,NA,NA,NA,0.154014158958345,4379.08643011362,-0.236,-1.86283102781797,52.9592215035034,15
"7367CAEF-58E2-4A5F-E053-A03BA40AD968","Public Park Or Garden","Brookfields Park",NA,NA,NA,0.291129336717118,4368.90393324235,-0.233,-1.31721759513076,53.5102996251949,16
"7367CB0F-4C05-4A5F-E053-A03BA40AD968","Public Park Or Garden","Ellergreen Park",NA,NA,NA,0.276284283684591,4358.90725008119,-0.229,-2.77109208986009,54.3489331939162,17
"7367CB6A-D6F8-4A5F-E053-A03BA40AD968","Public Park Or Garden","The Park",NA,NA,NA,0.130276990108456,4348.96396727045,-0.228,-0.486459029045924,53.8631505781594,18
"7367CAB8-D505-4A5F-E053-A03BA40AD968","Playing Field","Poolfoot Farm Training Ground",NA,NA,NA,0.14476105993621,4339.05505444376,-0.228,-3.00718009066421,53.8849050656827,19
"7367CB31-15A3-4A5F-E053-A03BA40AD968","Public Park Or Garden","Kensington Gardens",NA,NA,NA,1.06732561306094,4329.16176656577,-0.228,-0.17831373345441,51.5062641791681,20
"7367CAD1-3E50-4A5F-E053-A03BA40AD968","Other Sports Facility","Burntwood Leisure Centre",NA,NA,NA,0.103984759395481,4319.27786570416,-0.228,-1.92992777461416,52.6773894143782,21
"7367CB25-3CEE-4A5F-E053-A03BA40AD968","Public Park Or Garden","The Park",NA,NA,NA,0.127850371192098,4309.71788191718,-0.221,-2.46314123616823,52.9128776942769,22
"7367CB6A-CF62-4A5F-E053-A03BA40AD968","Public Park Or Garden","Possingworth Park",NA,NA,NA,1.3381256922945,4300.22009471902,-0.22,0.19540627701388,50.9659063086891,23
"7367CB51-79DE-4A5F-E053-A03BA40AD968","Public Park Or Garden","Osmaston Park",NA,NA,NA,0.131721665137703,4290.74392360346,-0.22,-1.46159941174904,52.8933543170129,24
"7367CABC-7E36-4A5F-E053-A03BA40AD968","Public Park Or Garden","East Fen Common",NA,NA,NA,0.211371138637017,4281.34650205206,-0.219,0.353094204518206,52.3321423504839,25
"7367CB0D-1859-4A5F-E053-A03BA40AD968","Public Park Or Garden","Brinton Park",NA,NA,NA,0.11064023707259,4272.07996164672,-0.216,-2.25676651878281,52.3798121368492,26
"7367CAD2-09F0-4A5F-E053-A03BA40AD968","Public Park Or Garden","Kettlebrook Park",NA,NA,NA,0.345847484693603,4263.00495594713,-0.212,-1.66384949808843,52.6138007949427,27
"7367CB1D-5CB9-4A5F-E053-A03BA40AD968","Other Sports Facility","Parklands Leisure Centre",NA,NA,NA,0.121459428181084,4254.34465351587,-0.203,-3.99545581246888,50.7343356323373,28
"7367CB16-2013-4A5F-E053-A03BA40AD968","Public Park Or Garden","Victoria Park",NA,NA,NA,0.134046403288311,4245.73201651663,-0.202,-2.06050430122366,52.524847128,29
"7367CB0D-34E3-4A5F-E053-A03BA40AD968","Public Park Or Garden","Clarence Park",NA,NA,NA,0.233378618121008,4237.21819957853,-0.201,-2.28483695156492,53.6056316030612,30
"7367CC3F-F103-4A5F-E053-A03BA40AD968","Public Park Or Garden","Link Common",NA,NA,NA,0.19634144021661,4228.72331008755,-0.2,-2.31823757472012,52.122842971178,31
"7367CAD2-97E4-4A5F-E053-A03BA40AD968","Playing Field",NA,NA,NA,NA,0.131818119571678,4220.5107257147,-0.194,-1.34942627621973,52.7265093859761,32
"7367CB6A-BAFA-4A5F-E053-A03BA40AD968","Other Sports Facility","Chilton Fields Sports Ground",NA,NA,NA,0.118629031603292,4212.34016806073,-0.194,0.976033867028816,52.1953696147273,33
"7367CB68-B1B5-4A5F-E053-A03BA40AD968","Other Sports Facility","Queen's Park Sports Centre",NA,NA,NA,0.115912885961629,4204.17694996431,-0.194,-1.43256893347864,53.2326292588885,34
"7367CB20-5167-4A5F-E053-A03BA40AD968","Public Park Or Garden","Watermead Country Park",NA,NA,NA,1.47671700326777,4196.04615715915,-0.193,-1.10393454386968,52.6864206442495,35
"7367CC3B-C183-4A5F-E053-A03BA40AD968","Other Sports Facility","Bromsgrove School Sports Centre",NA,NA,NA,0.107281369215749,4188.19089498619,-0.187,-2.06292539448968,52.3270554440756,36
"7367CABB-E2BC-4A5F-E053-A03BA40AD968","Public Park Or Garden","Stockley Country Park",NA,NA,NA,0.17238545687913,4180.42485626345,-0.185,-0.454628717323426,51.515945468093,37
"7367CADD-4BEB-4A5F-E053-A03BA40AD968","Public Park Or Garden","Parnham Park",NA,NA,NA,0.144069510827121,4172.67834820933,-0.185,-2.74124425985347,50.8016984010919,38
"7367CABC-7E2F-4A5F-E053-A03BA40AD968","Public Park Or Garden","Mayon Green",NA,NA,NA,0.139040402133071,4164.93684093382,-0.186,-5.69048854624482,50.077843725854,39
"7367CAC0-818C-4A5F-E053-A03BA40AD968","Public Park Or Garden","Bedlington Country Park",NA,NA,NA,0.644623530629976,4157.30074226753,-0.183,-1.59112792448256,55.116798846023,40
"7367CB29-38E7-4A5F-E053-A03BA40AD968","Public Park Or Garden","Monks-Neil Park",NA,NA,NA,0.143282581406669,4149.77922550327,-0.181,-2.18698304130972,53.0694341718545,41
"7367CB01-7593-4A5F-E053-A03BA40AD968","Public Park Or Garden","Highdown Gardens",NA,NA,NA,0.116707869751073,4142.27122811653,-0.181,-0.441418852461908,50.8236817333661,42
"7367CAD0-E20D-4A5F-E053-A03BA40AD968","Other Sports Facility","Shobnall Leisure Complex",NA,NA,NA,0.287437540514411,4134.86675741478,-0.179,-1.65363533546079,52.8110822144627,43
"7367CB64-04E0-4A5F-E053-A03BA40AD968","Public Park Or Garden","South Park",NA,NA,NA,0.225202299391112,4127.72448245163,-0.173,-1.22918175333936,51.7509906200466,44
"7367CAC4-B139-4A5F-E053-A03BA40AD968","Public Park Or Garden",NA,NA,NA,NA,0.346335284142368,4120.65094900407,-0.171,-2.95463734009397,51.1573527916025,45
"7367CAEE-42BE-4A5F-E053-A03BA40AD968","Public Park Or Garden","Warley Park",NA,NA,NA,0.248654754338772,4113.62989645417,-0.17,-1.98087444853608,52.4727732788682,46
"7367CB50-DB6C-4A5F-E053-A03BA40AD968","Public Park Or Garden","Priory Park",NA,NA,NA,0.178759713708423,4106.6201227467,-0.17,0.7065622012081,51.5532634528939,47
"7367CB5D-3C5A-4A5F-E053-A03BA40AD968","Playing Field",NA,NA,NA,NA,0.106423179580876,4099.61962274881,-0.17,-1.42722500441905,51.6012862729542,48
"7367CAEE-0D50-4A5F-E053-A03BA40AD968","Public Park Or Garden","Knightshayes Park",NA,NA,NA,0.709086421375197,4092.66991837173,-0.17,-3.47901361442242,50.9210603691954,49
"7367CB10-5870-4A5F-E053-A03BA40AD968","Other Sports Facility","Walton Hall Park",NA,NA,NA,0.544546900170021,4085.79932050847,-0.168,-2.95220072949193,53.4481702129969,50
"7367CABC-1D84-4A5F-E053-A03BA40AD968","Playing Field",NA,NA,NA,NA,0.103636820990481,4078.94753370086,-0.168,-0.275697858546973,52.5952825362422,51
"7367CC38-22E3-4A5F-E053-A03BA40AD968","Public Park Or Garden","Laithwaite Park",NA,NA,NA,0.137795666676765,4072.16382629551,-0.166,-2.65772357940154,53.5414578423274,52
"7367CB31-0963-4A5F-E053-A03BA40AD968","Public Park Or Garden","Central Park",NA,NA,NA,0.677637448637611,4065.53266676367,-0.163,-4.14745570203831,50.3855122024705,53
"7367CADD-4A04-4A5F-E053-A03BA40AD968","Playing Field",NA,NA,NA,NA,0.130803744640524,4058.92198132747,-0.163,-2.91571163034352,50.9230083996136,54
"7367CAF8-CD68-4A5F-E053-A03BA40AD968","Public Park Or Garden","Fox Hollies Park",NA,NA,NA,0.167080521467969,4052.43260386472,-0.16,-1.82142354256024,52.4368033711256,55
"7367CB0F-3529-4A5F-E053-A03BA40AD968","Public Park Or Garden","Amesbury Park",NA,NA,NA,0.433226429681646,4045.96519474678,-0.16,-1.78875531261882,51.1740122892101,56
"7367CABC-1DC6-4A5F-E053-A03BA40AD968","Other Sports Facility","One Leisure St Ives Outdoor",NA,NA,NA,0.159281175515,4039.63359376485,-0.156,-0.0916701181032557,52.3369733225069,57
"7367CC3D-6FC5-4A5F-E053-A03BA40AD968","Other Sports Facility",NA,NA,NA,NA,0.13471299649629,4033.31255730266,-0.156,-1.72890278176844,53.8815917956926,58
"7367CB0D-36B0-4A5F-E053-A03BA40AD968","Public Park Or Garden","Mandale Park",NA,NA,NA,0.190918779798565,4026.99199254284,-0.157,-2.16821273117816,53.6085531448078,59
"7367CABB-9F60-4A5F-E053-A03BA40AD968","Public Park Or Garden",NA,NA,NA,NA,0.333434852724693,4020.67398569542,-0.157,-2.10601705775068,52.985223454196,60
"7367CB19-E8FD-4A5F-E053-A03BA40AD968","Other Sports Facility","Fairway Sports Complex",NA,NA,NA,0.112604111204961,4014.43671866663,-0.155,-1.16610989141801,50.6573694413326,61
"7367CB33-14E6-4A5F-E053-A03BA40AD968","Public Park Or Garden","Morden Hall Park",NA,NA,NA,0.398635097099147,4008.21092820279,-0.155,-0.185266873540208,51.4025609384987,62
"7367CAEE-244E-4A5F-E053-A03BA40AD968","Public Park Or Garden","Langold Country Park",NA,NA,NA,0.555836208344947,4001.99899808874,-0.155,-1.12744547290811,53.3712659223644,63
"7367CB1A-9D89-4A5F-E053-A03BA40AD968","Public Park Or Garden","Whittleford Park",NA,NA,NA,0.498078301528534,3995.81504420855,-0.155,-1.50329737512439,52.5257236479152,64
"7367CABC-7D3B-4A5F-E053-A03BA40AD968","Public Park Or Garden","Chesham Moor",NA,NA,NA,0.142622112229879,3989.64285067253,-0.154,-0.598794950540003,51.6934000928355,65
"7367CB0D-1640-4A5F-E053-A03BA40AD968","Public Park Or Garden","Memorial Park",NA,NA,NA,0.142882218294302,3983.4963969946,-0.154,-2.06286372643781,52.586607913944,66
"7367CB6A-DFA2-4A5F-E053-A03BA40AD968","Public Park Or Garden","Philips Park",NA,NA,NA,0.117073974582442,3977.35119337915,-0.154,-2.19354506808671,53.4876350494628,67
"7367CB30-ED40-4A5F-E053-A03BA40AD968","Public Park Or Garden","Audley Park",NA,NA,NA,0.859739255375274,3971.30846533104,-0.152,0.226753524218352,52.0211150363853,68
"7367CB49-65BF-4A5F-E053-A03BA40AD968","Public Park Or Garden","High Tor Recreation Ground",NA,NA,NA,0.186552163853393,3965.34044619508,-0.15,-1.55531870904616,53.1288651963123,69
"7367CB45-B148-4A5F-E053-A03BA40AD968","Playing Field",NA,NA,NA,NA,0.154162430993726,3959.38910700975,-0.15,-2.76317278455521,51.4726517193483,70
"7367CB00-1FF5-4A5F-E053-A03BA40AD968","Public Park Or Garden","Wyken Croft Nature Park",NA,NA,NA,0.249329722367418,3953.44777235344,-0.15,-1.45383485028318,52.4246393256135,71
"7367CB49-56F0-4A5F-E053-A03BA40AD968","Public Park Or Garden","Scrivelsby Park",NA,NA,NA,1.09154522619331,3947.57347221571,-0.149,-0.0972045668196941,53.1763793116733,72
"7367CB38-3464-4A5F-E053-A03BA40AD968","Other Sports Facility",NA,NA,NA,NA,0.115329482964733,3941.8059397093,-0.146,-0.99283819161649,51.7444954121745,73
"7367CAEC-07A3-4A5F-E053-A03BA40AD968","Public Park Or Garden","Victoria Park",NA,NA,NA,0.214292546318749,3936.07367382112,-0.145,-2.58568982673346,51.4402603765524,74
"7367CB64-FF00-4A5F-E053-A03BA40AD968","Public Park Or Garden","Grin Low And Buxton Country Park",NA,NA,NA,0.416426102213204,3930.34998433256,-0.145,-1.92462007991526,53.247215019301,75
"7367CB36-8FE1-4A5F-E053-A03BA40AD968","Public Park Or Garden","Decoy Country Park",NA,NA,NA,0.542971794455082,3924.65837744139,-0.145,-3.60349093651903,50.5183533771696,76
"7367CB01-9A22-4A5F-E053-A03BA40AD968","Playing Field",NA,NA,NA,NA,0.170996156125932,3918.98038674316,-0.145,-0.452356899023081,53.9972747997471,77
"7367CAC1-A24E-4A5F-E053-A03BA40AD968","Public Park Or Garden","Furzton Lake",NA,NA,NA,0.375902013211924,3913.33075469888,-0.144,-0.762952258955679,52.0141252219863,78
"7367CB63-C13F-4A5F-E053-A03BA40AD968","Playing Field","Tynedale Park",NA,NA,NA,0.130296755993627,3907.68744062855,-0.144,-2.01100703332224,54.9664013248752,79
"7367CABC-614B-4A5F-E053-A03BA40AD968","Other Sports Facility",NA,NA,NA,NA,0.111361974888288,3902.09765737659,-0.143,-3.01514462697216,53.3259436934941,80
"7367CAEF-5BFB-4A5F-E053-A03BA40AD968","Public Park Or Garden","Ampthill Park",NA,NA,NA,0.629963856134248,3896.51752861938,-0.143,-0.502019893403076,52.0345259715878,81
"7367CABE-3D22-4A5F-E053-A03BA40AD968","Public Park Or Garden","Woolten Woods And Camp Hill",NA,NA,NA,0.214427781713654,3890.96071323757,-0.143,-2.86784013942433,53.3686185912046,82
"7367CC3D-5D5B-4A5F-E053-A03BA40AD968","Public Park Or Garden","Broome Heath",NA,NA,NA,0.293562959916042,3885.40500415071,-0.143,1.45496925533197,52.4697400742072,83
"7367CB56-E131-4A5F-E053-A03BA40AD968","Public Park Or Garden","Manor Park",NA,NA,NA,0.153628661098552,3879.90988416713,-0.141,-3.23453642394932,50.7261761795372,84
"7367CB0D-2A2E-4A5F-E053-A03BA40AD968","Public Park Or Garden","Waldershare Park",NA,NA,NA,0.253505463295378,3874.41968061373,-0.142,1.27665522508701,51.1883475119055,85
"7367CB5C-C10D-4A5F-E053-A03BA40AD968","Other Sports Facility","The Edge",NA,NA,NA,0.174910566604245,3868.93342196788,-0.142,-0.746266734268903,51.0948322778917,86
"7367CB17-CC01-4A5F-E053-A03BA40AD968","Public Park Or Garden","Haden Hill Park",NA,NA,NA,0.366630994247703,3863.57143341227,-0.139,-2.06281194434193,52.4632335011373,87
"7367CB6A-D862-4A5F-E053-A03BA40AD968","Public Park Or Garden","Cusworth Park",NA,NA,NA,0.21612810642652,3858.2115824588,-0.139,-1.1750811668572,53.5283945383658,88
"7367CB74-931D-4A5F-E053-A03BA40AD968","Other Sports Facility","Marl Pits Sports Complex",NA,NA,NA,0.171178865193815,3852.85554022318,-0.139,-2.26851272847123,53.704657629188,89
"7367CAE9-2827-4A5F-E053-A03BA40AD968","Public Park Or Garden","Bowness Gardens",NA,NA,NA,0.135685093138644,3847.53118878385,-0.138,-2.60559162675011,51.4969696091359,90
"7367CB51-8B82-4A5F-E053-A03BA40AD968","Public Park Or Garden","Astley Park",NA,NA,NA,0.449473110023931,3842.22406929069,-0.138,-2.64179516878105,53.6579797390893,91
"7367CB45-D33E-4A5F-E053-A03BA40AD968","Playing Field",NA,NA,NA,NA,0.142911915713377,3837.00012958441,-0.136,-1.89476467019137,50.7471914888486,92
"7367CABF-F027-4A5F-E053-A03BA40AD968","Public Park Or Garden",NA,NA,NA,NA,0.136703514795448,3831.89338318879,-0.133,-1.67780633746952,54.9856090561508,93
"7367CABC-7CBF-4A5F-E053-A03BA40AD968","Public Park Or Garden","Church Green",NA,NA,NA,0.151557178705035,3826.82574222294,-0.132,1.04066559992155,52.4798777697844,94
"7367CAFB-6D95-4A5F-E053-A03BA40AD968","Other Sports Facility","Clee Fields",NA,NA,NA,0.165292696846262,3821.77709363438,-0.132,-0.0572282214206258,53.5553816585686,95
"7367CB4D-EEA5-4A5F-E053-A03BA40AD968","Public Park Or Garden","King Edward VII Park",NA,NA,NA,0.104876959403101,3816.80000946487,-0.13,-0.293886088843164,51.5566289135439,96
"7367CADD-6814-4A5F-E053-A03BA40AD968","Playing Field","Birchall Playing Fields",NA,NA,NA,0.115326370695607,3811.86256439769,-0.129,-2.02390941337033,53.0934241726104,97
"7367CABB-E23B-4A5F-E053-A03BA40AD968","Public Park Or Garden",NA,NA,NA,NA,0.152958208868606,3807.02216458677,-0.127,0.352214557852245,51.418924373604,98
"7367CACF-6C02-4A5F-E053-A03BA40AD968","Other Sports Facility","Knights Grange Sports Complex",NA,NA,NA,0.772452630793272,3802.18835700695,-0.127,-2.54382693211671,53.2004364792718,99
"7367CB49-1514-4A5F-E053-A03BA40AD968","Public Park Or Garden","Saltburn Valley",NA,NA,NA,0.233870281604191,3797.37408395094,-0.127,-0.969973542218594,54.5792887204724,100
"7367CB51-9034-4A5F-E053-A03BA40AD968","Public Park Or Garden","Sunnyhill Park",NA,NA,NA,0.215370284490163,3792.57669738314,-0.126,-0.227797292081616,51.5961181894689,101
"7367CB31-2010-4A5F-E053-A03BA40AD968","Other Sports Facility",NA,NA,NA,NA,0.336030323337876,3787.78354224837,-0.126,-2.37661412740583,53.4461923315649,102
"7367CB64-F968-4A5F-E053-A03BA40AD968","Public Park Or Garden","Mote Park",NA,NA,NA,1.74834515927807,3783.00412656218,-0.126,0.547219767404111,51.2634517284317,103
"7367CAFB-1614-4A5F-E053-A03BA40AD968","Public Park Or Garden","New Park",NA,NA,NA,0.180784178759174,3778.24564045863,-0.126,-1.6663646399948,53.5684403280938,104
"7367CAC3-362C-4A5F-E053-A03BA40AD968","Public Park Or Garden","Upton Meadow",NA,NA,NA,0.162669276003909,3773.49227020916,-0.126,-3.10426324052114,53.3802278217924,105
"7367CB44-0817-4A5F-E053-A03BA40AD968","Other Sports Facility",NA,NA,NA,NA,0.110949451257382,3768.76105647434,-0.125,-0.269152452524928,51.3927827232487,106
"7367CABC-7C40-4A5F-E053-A03BA40AD968","Public Park Or Garden","Sullington Warren",NA,NA,NA,0.255036117775839,3764.03589921814,-0.125,-0.439074301659979,50.91877786282,107
"7367CAD2-6DBD-4A5F-E053-A03BA40AD968","Playing Field","Calthorpe Park",NA,NA,NA,0.140399724159819,3759.333849225,-0.125,-0.84960419532096,51.2765586220324,108
"7367CC3F-2389-4A5F-E053-A03BA40AD968","Public Park Or Garden","Butterley Park",NA,NA,NA,0.936592313471464,3754.643518699,-0.125,-1.3804328225445,53.0542493774129,109
"7367CAEE-253B-4A5F-E053-A03BA40AD968","Public Park Or Garden","Kings' Park",NA,NA,NA,0.104475167700493,3749.96212419231,-0.125,-0.945970904737937,53.3209843776576,110
"7367CADD-5FEA-4A5F-E053-A03BA40AD968","Public Park Or Garden","Montreal Park",NA,NA,NA,0.180890600165257,3745.31798610782,-0.124,0.165864534928362,51.2765660000286,111
"7367CAD2-76AA-4A5F-E053-A03BA40AD968","Public Park Or Garden","Parsloes Park",NA,NA,NA,0.596837275875376,3740.68792296619,-0.124,0.134663054455138,51.5437775658445,112
"7367CB64-F7E1-4A5F-E053-A03BA40AD968","Public Park Or Garden","Barton's Point",NA,NA,NA,0.312197589380802,3736.10089442184,-0.123,0.789561877331582,51.4361779288106,113
"7367CB56-E955-4A5F-E053-A03BA40AD968","Other Sports Facility","Yeovil Recreation Centre",NA,NA,NA,0.171978482654376,3731.52634897771,-0.122,-2.63759378874187,50.9526992462951,114
"7367CAFF-ED4E-4A5F-E053-A03BA40AD968","Public Park Or Garden","Hall Park",NA,NA,NA,0.139389226324394,3726.95444941853,-0.123,-0.598426304865649,52.2850195954477,115
"7367CABA-4B76-4A5F-E053-A03BA40AD968","Public Park Or Garden","Leegomery Pools",NA,NA,NA,0.112967692763151,3722.40786766276,-0.122,-2.49568570799213,52.7082328949324,116
"7367CB45-BF3D-4A5F-E053-A03BA40AD968","Public Park Or Garden","The Park",NA,NA,NA,1.23401736979159,3717.87016915766,-0.122,-0.925275093231209,54.1207478612324,117
"7367CAC9-9D01-4A5F-E053-A03BA40AD968","Playing Field",NA,NA,NA,NA,0.122939090955164,3713.35721461719,-0.121,-1.44954611075686,54.9514086121672,118
"7367CB0D-14C6-4A5F-E053-A03BA40AD968","Public Park Or Garden","Stanmore Country Park",NA,NA,NA,0.158412312404301,3708.87964090433,-0.121,-2.37765435058209,52.5309648922914,119
"7367CAB7-5523-4A5F-E053-A03BA40AD968","Public Park Or Garden","Lyme and Wood Pits Country Park",NA,NA,NA,0.994463943227187,3704.4286973853,-0.12,-2.65297346636798,53.4619705432496,120
"7367CB49-5C08-4A5F-E053-A03BA40AD968","Public Park Or Garden","Heacham Park",NA,NA,NA,0.183840476581983,3699.98009685078,-0.12,0.49728773312118,52.9141727192945,121
"7367CB31-1175-4A5F-E053-A03BA40AD968","Playing Field","Paddington Recreation Ground",NA,NA,NA,0.107117112665363,3695.54130598434,-0.12,-0.189314178739563,51.5298769760732,122
"7367CB51-7CA0-4A5F-E053-A03BA40AD968","Public Park Or Garden","Beacon Park",NA,NA,NA,0.287782602806899,3691.10847785652,-0.12,-1.83723579056257,52.6839382957075,123
"7367CAEE-43CB-4A5F-E053-A03BA40AD968","Public Park Or Garden",NA,NA,NA,NA,0.115036274118513,3686.68252204145,-0.12,-1.83933889182252,52.4806073197925,124
"7367CAD8-8373-4A5F-E053-A03BA40AD968","Public Park Or Garden","Queen's Park",NA,NA,NA,0.198826966695387,3682.27192533252,-0.12,-2.44303735456476,53.5791732499005,125
"7367CABA-DFE5-4A5F-E053-A03BA40AD968","Public Park Or Garden","Seaton Valley Countryside Park",NA,NA,NA,0.579074581894165,3677.8642862107,-0.12,-4.38696551392848,50.3754165654958,126
"7367CB6A-CD67-4A5F-E053-A03BA40AD968","Public Park Or Garden","Chennell Park",NA,NA,NA,0.201669068540588,3673.45694060614,-0.12,0.675961411484161,51.0734205563252,127
"7367CABC-8094-4A5F-E053-A03BA40AD968","Public Park Or Garden","Southrepps Common",NA,NA,NA,0.109930054691316,3669.06474903729,-0.12,1.36063030257072,52.8648567760868,128
"7367CABF-9D5F-4A5F-E053-A03BA40AD968","Other Sports Facility","Test Park",NA,NA,NA,0.139432074104974,3664.68216540667,-0.119,-1.46829853334537,50.9278137037069,129
"7367CABC-7F01-4A5F-E053-A03BA40AD968","Public Park Or Garden","Jubilee Meadows",NA,NA,NA,0.164622278084965,3660.30593939856,-0.119,-1.6809146267562,54.7064479623854,130
"7367CAC0-952C-4A5F-E053-A03BA40AD968","Public Park Or Garden","Tiptree Heath",NA,NA,NA,0.210219444441017,3655.93953940292,-0.119,0.731484731562084,51.7988710148499,131
"7367CABC-7C56-4A5F-E053-A03BA40AD968","Public Park Or Garden","Plumstead Common",NA,NA,NA,0.381518287685706,3651.57874930943,-0.119,0.0994306814280854,51.4806937866901,132
"7367CB56-E7AA-4A5F-E053-A03BA40AD968","Public Park Or Garden","Marston Park",NA,NA,NA,0.929732058582505,3647.22724758752,-0.119,-2.34055992100314,51.2021552944814,133
"7367CADF-8EEF-4A5F-E053-A03BA40AD968","Playing Field",NA,NA,NA,NA,0.128853260816407,3642.89984765833,-0.119,-0.164416486042073,50.9455256494579,134
"7367CB25-449D-4A5F-E053-A03BA40AD968","Public Park Or Garden","Mill Green Nature Park",NA,NA,NA,0.27904234524445,3638.60038287597,-0.118,-2.01497726556638,52.6891289608721,135
"7367CB20-5278-4A5F-E053-A03BA40AD968","Public Park Or Garden","Knighton Park",NA,NA,NA,0.339055652510086,3634.31873027967,-0.118,-1.10562701063416,52.5986363761938,136
"7367CABC-7F5D-4A5F-E053-A03BA40AD968","Public Park Or Garden","Sluice Common",NA,NA,NA,0.12382019845104,3630.13302685363,-0.115,0.367314488557907,52.5829643142191,137
"7367CABC-7E79-4A5F-E053-A03BA40AD968","Public Park Or Garden","The Lawn",NA,NA,NA,0.361124074214952,3626.00647457225,-0.114,-1.76580122131418,51.5512213500667,138
"7367CB34-9951-4A5F-E053-A03BA40AD968","Public Park Or Garden","American Garden",NA,NA,NA,0.247167810417046,3621.88354694698,-0.114,-0.769053561663059,51.3365971691972,139
"7367CB45-C952-4A5F-E053-A03BA40AD968","Public Park Or Garden","Streatlam Park",NA,NA,NA,0.350910110261071,3617.82112422889,-0.112,-1.86268707951465,54.5702432520846,140
"7367CAF7-4902-4A5F-E053-A03BA40AD968","Other Sports Facility",NA,NA,NA,NA,0.149895545421127,3613.7967966403,-0.111,-0.367572580299784,53.7756600126408,141
"7367CB6A-D6BC-4A5F-E053-A03BA40AD968","Public Park Or Garden","The Park",NA,NA,NA,0.133443718694255,3609.7806325139,-0.111,-0.756334995672413,53.93043790934,142
"7367CAC3-AD94-4A5F-E053-A03BA40AD968","Other Sports Facility","Sports Centre and Memorial Pool",NA,NA,NA,0.105007654191746,3605.77569645824,-0.111,-0.472053570466645,52.656200669731,143
"7367CAEF-584D-4A5F-E053-A03BA40AD968","Playing Field",NA,NA,NA,NA,0.15159492661266,3601.82243031469,-0.11,-1.28950501579314,53.5986055408959,144
"7367CAD9-1888-4A5F-E053-A03BA40AD968","Other Sports Facility","Howe Bridge Leisure Centre",NA,NA,NA,0.179773863105997,3597.89340548743,-0.109,-2.50201969105444,53.5141363660683,145
"7367CB0C-AC63-4A5F-E053-A03BA40AD968","Playing Field",NA,NA,NA,NA,0.138061463774653,3593.96602442158,-0.109,-0.0335017553426992,52.0462682640154,146
"7367CB6A-D92A-4A5F-E053-A03BA40AD968","Playing Field","Jubilee Park",NA,NA,NA,0.10948530617927,3590.06014908414,-0.109,-0.993504895810881,53.5818246601131,147
"7367CB56-EB13-4A5F-E053-A03BA40AD968","Public Park Or Garden","Wincombe Park",NA,NA,NA,0.176514236370578,3586.15641646233,-0.109,-2.17135043284248,51.0163130548326,148
"7367CAEE-44B6-4A5F-E053-A03BA40AD968","Public Park Or Garden","Daisy Farm Park",NA,NA,NA,0.108295930636967,3582.28292208216,-0.108,-1.87256180018728,52.4054948805604,149
"7367CABE-B234-4A5F-E053-A03BA40AD968","Public Park Or Garden","Oare Gunpowder Works Country Park",NA,NA,NA,0.158015480651922,3578.44592356517,-0.107,0.875169474367803,51.3245835387388,150
"7367CB49-5AB4-4A5F-E053-A03BA40AD968","Playing Field",NA,NA,NA,NA,0.100764097330784,3574.61745654667,-0.107,-0.160625236539085,52.6737629085002,151
"7367CB18-0CCE-4A5F-E053-A03BA40AD968","Playing Field",NA,NA,NA,NA,0.101945467358127,3570.80327680296,-0.107,-1.66947202265513,50.7468904167611,152
"7367CB0C-A8E4-4A5F-E053-A03BA40AD968","Public Park Or Garden","Chafford Gorges Nature Park",NA,NA,NA,0.260829993958407,3566.99691475847,-0.107,0.30170632596264,51.4881618454602,153
"7367CB20-4DFC-4A5F-E053-A03BA40AD968","Other Sports Facility","Caythorpe Court",NA,NA,NA,0.199974281526766,3563.20233156213,-0.106,-0.571330337528535,53.0224700505829,154
"7367CABC-7EC8-4A5F-E053-A03BA40AD968","Public Park Or Garden",NA,NA,NA,NA,0.879075157811143,3559.41498871005,-0.106,-2.21817752937681,51.7325020091953,155
"7367CB31-03CA-4A5F-E053-A03BA40AD968","Public Park Or Garden","American Gardens",NA,NA,NA,0.133499694559195,3555.65986203285,-0.105,-4.76272765165258,50.502667797991,156
"7367CB1B-49E4-4A5F-E053-A03BA40AD968","Other Sports Facility","Allesley Park Golf Course",NA,NA,NA,0.11756652721521,3551.92659915234,-0.105,-1.55491694457381,52.4186330287289,157
"7367CABC-7BF4-4A5F-E053-A03BA40AD968","Public Park Or Garden","Lammas Lands",NA,NA,NA,0.303867153857539,3548.19950121927,-0.105,-0.601110500649749,51.1892780280929,158
"7367CB4D-5B23-4A5F-E053-A03BA40AD968","Playing Field",NA,NA,NA,NA,0.10664872401698,3544.5146296585,-0.104,-3.05144498286714,53.5643924409411,159
"7367CB45-3AAF-4A5F-E053-A03BA40AD968","Other Sports Facility",NA,NA,NA,NA,0.129473328606134,3540.84242716479,-0.104,-0.332041899014835,51.2903257377334,160
"7367CB0D-298B-4A5F-E053-A03BA40AD968","Public Park Or Garden","Brockhill Country Park",NA,NA,NA,0.215190880133215,3537.17680846737,-0.104,1.06714653201423,51.0795072321193,161
"7367CB5E-1CF6-4A5F-E053-A03BA40AD968","Public Park Or Garden","West Ham Park",NA,NA,NA,0.264439043830966,3533.52182764486,-0.103,0.0196317858103175,51.5386537449004,162
"7367CB01-9C05-4A5F-E053-A03BA40AD968","Public Park Or Garden","Wassand Park",NA,NA,NA,0.423416455556197,3529.86807605375,-0.103,-0.218429972463407,53.8976815504123,163
"7367CAF1-853E-4A5F-E053-A03BA40AD968","Public Park Or Garden","Humberstone Park",NA,NA,NA,0.121137211195694,3526.22566919364,-0.103,-1.08329729148325,52.6394844135269,164
"7367CB29-E966-4A5F-E053-A03BA40AD968","Public Park Or Garden","Millbrook Park Millennium Green",NA,NA,NA,0.150709759919858,3522.58723890406,-0.103,-2.8906884135459,53.4865175435061,165
"7367CB0D-19D3-4A5F-E053-A03BA40AD968","Public Park Or Garden","Berrington Park",NA,NA,NA,1.09722678774946,3518.95924009201,-0.103,-2.71856219560298,52.2650564905159,166
"7367CAB7-1FF3-4A5F-E053-A03BA40AD968","Public Park Or Garden","Lily Hill Park",NA,NA,NA,0.235390030552745,3515.33833641713,-0.103,-0.72439889063326,51.4143290798003,167
"7367CB63-BF8A-4A5F-E053-A03BA40AD968","Public Park Or Garden","Naworth Parks",NA,NA,NA,2.98418941287215,3511.71880483955,-0.103,-2.68442293251077,54.956733774268,168
"7367CB01-A216-4A5F-E053-A03BA40AD968","Playing Field",NA,NA,NA,NA,0.107734560723414,3508.10660044672,-0.103,-0.199564994426613,53.6151960657769,169
"7367CB24-BB3C-4A5F-E053-A03BA40AD968","Public Park Or Garden","Bennett's Park",NA,NA,NA,0.236541976370216,3504.49563875882,-0.103,0.631297877518964,51.9637670224623,170
"7367CABB-A4C4-4A5F-E053-A03BA40AD968","Public Park Or Garden","Little Stoke Park",NA,NA,NA,0.115095474623862,3500.89313453814,-0.103,-2.55957822311866,51.5277475209875,171
"7367CAC2-C536-4A5F-E053-A03BA40AD968","Playing Field","Longdales Park",NA,NA,NA,0.127741618452868,3497.29219142127,-0.103,-0.47780141512147,53.2595475799246,172
"7367CB01-0A4D-4A5F-E053-A03BA40AD968","Other Sports Facility","Southbury Leisure Centre",NA,NA,NA,0.384736493382327,3493.69209592761,-0.103,-0.06246323387724,51.6547723539792,173
"7367CB0F-3FEF-4A5F-E053-A03BA40AD968","Public Park Or Garden","Hatch Grange",NA,NA,NA,0.148887884600456,3490.11035020104,-0.103,-1.33574466483197,50.9300110415413,174
"7367CC38-92A9-4A5F-E053-A03BA40AD968","Public Park Or Garden","Elmers Green Common",NA,NA,NA,0.224531735014286,3486.53657924018,-0.102,-2.76236351908316,53.551859578214,175
"7367CB63-F874-4A5F-E053-A03BA40AD968","Public Park Or Garden","Kilburn Park",NA,NA,NA,0.223502462523721,3482.9657674516,-0.102,-1.2401620979519,54.2090670128255,176
"7367CB62-DFDF-4A5F-E053-A03BA40AD968","Playing Field","Murton Recreation Ground",NA,NA,NA,0.13015933808541,3479.40100326812,-0.102,-1.38888813084934,54.8122628377128,177
"7367CAEE-4EE7-4A5F-E053-A03BA40AD968","Public Park Or Garden","Norbury Park",NA,NA,NA,0.113561417919433,3475.84482890575,-0.102,-0.116792989731507,51.4126405240399,178
"7367CABC-8007-4A5F-E053-A03BA40AD968","Public Park Or Garden","Fairbank Plantation",NA,NA,NA,0.109642993144177,3472.30235645275,-0.102,-2.5991047136269,54.2067558027087,179
"7367CC3B-2487-4A5F-E053-A03BA40AD968","Playing Field","Sandbach United Football Club",NA,NA,NA,0.103376504009832,3468.80348163137,-0.101,-2.38211306814208,53.1382140956621,180
"7367CB3D-2EDF-4A5F-E053-A03BA40AD968","Public Park Or Garden","Shobrooke Park",NA,NA,NA,0.747990454353059,3465.32049320318,-0.1,-3.6258163300181,50.7993124600302,181
"7367CABC-7B61-4A5F-E053-A03BA40AD968","Public Park Or Garden","Tadley Common",NA,NA,NA,0.364821716213107,3461.86685660463,-0.1,-1.12744804625363,51.3557081350828,182
"7367CB01-6D5D-4A5F-E053-A03BA40AD968","Public Park Or Garden","Riverside Garden Park",NA,NA,NA,0.111748770569112,3458.4142035685,-0.1,-0.167091268604732,51.162600378755,183
"7367CB27-CD54-4A5F-E053-A03BA40AD968","Other Sports Facility",NA,NA,NA,NA,0.108708017059413,3454.96334950512,-0.1,-2.73350887595261,53.7964038329006,184
"7367CB5D-AF00-4A5F-E053-A03BA40AD968","Other Sports Facility",NA,NA,NA,NA,0.101466975573346,3451.54521150593,-0.099,-1.998620008289,51.4273730914376,185
"7367CB0D-18BE-4A5F-E053-A03BA40AD968","Public Park Or Garden","Mary Stevens Park",NA,NA,NA,0.12497746188472,3448.13247303546,-0.099,-2.14911460787984,52.4481224636042,186
"7367CAEF-0434-4A5F-E053-A03BA40AD968","Other Sports Facility","Harvey Hadden Sports Centre",NA,NA,NA,0.165167814331017,3444.74408885181,-0.098,-1.2182405194892,52.9672404183005,187
"7367CABC-6088-4A5F-E053-A03BA40AD968","Other Sports Facility",NA,NA,NA,NA,0.1137028073759,3441.35638278999,-0.098,-2.81999722748068,54.064046726396,188
"7367CC38-42B8-4A5F-E053-A03BA40AD968","Public Park Or Garden","Colemere",NA,NA,NA,0.48797284053716,3437.97221874728,-0.098,-2.84160037775514,52.8931467090378,189
"7367CB63-C39D-4A5F-E053-A03BA40AD968","Public Park Or Garden","Highmoor Park",NA,NA,NA,0.336756817953354,3434.5909966182,-0.098,-3.14135539610212,54.8182197047842,190
"7367CB19-9D2A-4A5F-E053-A03BA40AD968","Public Park Or Garden","Lido Park Droitwich",NA,NA,NA,0.154294201420666,3431.22282845058,-0.098,-2.14326269045776,52.2630786810071,191
"7367CAE0-88C8-4A5F-E053-A03BA40AD968","Playing Field",NA,NA,NA,NA,0.127446177261702,3427.86071721232,-0.098,0.0142456590381814,50.8670957675633,192
"7367CAD3-F0FC-4A5F-E053-A03BA40AD968","Playing Field",NA,NA,NA,NA,0.222977010241598,3424.5117637053,-0.098,-2.29561307668359,53.4971583322661,193
"7367CB4B-1B32-4A5F-E053-A03BA40AD968","Public Park Or Garden","Holywells Park",NA,NA,NA,0.178970573169038,3421.17195832483,-0.098,1.1739684950454,52.0470699101559,194
"7367CAED-637A-4A5F-E053-A03BA40AD968","Other Sports Facility","Odd Down Sports Ground",NA,NA,NA,0.165746952522782,3417.84976495584,-0.097,-2.37330484960057,51.3614837476111,195
"7367CAC5-55E4-4A5F-E053-A03BA40AD968","Public Park Or Garden","St Helen's Wood",NA,NA,NA,0.400248641038126,3414.53181319824,-0.097,0.580463456808721,50.8779236641594,196
"7367CB5B-726D-4A5F-E053-A03BA40AD968","Playing Field","Anstey Park",NA,NA,NA,0.188067852117131,3411.22249452427,-0.097,-0.962035660260268,51.1598603766726,197
"7367CAFB-AA0B-4A5F-E053-A03BA40AD968","Playing Field",NA,NA,NA,NA,0.12010456668905,3407.91898590219,-0.097,-0.406544652174466,51.5613104179137,198
"7367CC3D-4A8E-4A5F-E053-A03BA40AD968","Public Park Or Garden","Langdon Hills Country Park",NA,NA,NA,1.70762198051878,3404.62082031816,-0.097,0.436345768218898,51.5453249038902,199
"7367CABC-7C63-4A5F-E053-A03BA40AD968","Public Park Or Garden","Bexhill Down",NA,NA,NA,0.155443232064273,3401.33797468754,-0.096,0.463656627279698,50.846529184942,200
